{"cameraMode":{"drawMode":0,"name":"Shaded","section":"Shading Mode"},"sceneLighting":true,"audioPlay":false,"sceneViewState":{"showFog":true,"showMaterialUpdate":false,"showSkybox":true,"showFlares":true,"showImageEffects":true,"showParticleSystems":true},"in2DMode":false,"pivot":{"x":4.584543228149414,"y":2.706559181213379,"z":-5.436064720153809},"rotation":{"x":0.06112664192914963,"y":-0.02902977541089058,"z":-0.001771256560459733,"w":-0.997714638710022},"size":1.8168764114379883,"orthographic":false}