{"cameraMode":{"drawMode":0,"name":"Shaded","section":"Shading Mode"},"sceneLighting":true,"audioPlay":false,"sceneViewState":{"showFog":true,"showMaterialUpdate":false,"showSkybox":true,"showFlares":true,"showImageEffects":true,"showParticleSystems":true},"in2DMode":false,"pivot":{"x":4.856243133544922,"y":-34.312355041503909,"z":25.469303131103517},"rotation":{"x":0.4772384464740753,"y":-0.014780493453145028,"z":0.0080656036734581,"w":0.8786700963973999},"size":24.165908813476564,"orthographic":false}