{"cameraMode":{"drawMode":0,"name":"Shaded","section":"Shading Mode"},"sceneLighting":true,"audioPlay":false,"sceneViewState":{"showFog":true,"showMaterialUpdate":false,"showSkybox":true,"showFlares":true,"showImageEffects":true,"showParticleSystems":true},"in2DMode":false,"pivot":{"x":2.7273054122924806,"y":0.927464485168457,"z":-2.4277162551879885},"rotation":{"x":-0.07876061648130417,"y":0.9141218066215515,"z":-0.21529890596866609,"w":-0.3344050943851471},"size":6.389628887176514,"orthographic":false}